{"9dba4254-2a47-11ee-8a05-df476c63c1db": 1690219757.2338583, "a43cbb20-2a47-11ee-8a05-df476c63c1db": 1690219768.1552837, "a43cd13c-2a47-11ee-8a05-df476c63c1db": 1690219768.1558251, "a43cdf9c-2a47-11ee-8a05-df476c63c1db": 1690219768.156291, "abce0358-2a47-11ee-8a05-df476c63c1db": 1690219780.8514547, "af1fe594-2a47-11ee-8a05-df476c63c1db": 1690219786.421254, "b2c26c6c-2a47-11ee-8a05-df476c63c1db": 1690219792.5195582, "b9a3640a-2a47-11ee-8a05-df476c63c1db": 1690219804.0602274, "b9a37ad0-2a47-11ee-8a05-df476c63c1db": 1690219804.0607896, "b9a389b2-2a47-11ee-8a05-df476c63c1db": 1690219804.0611632, "bd44ab3c-2a47-11ee-8a05-df476c63c1db": 1690219810.150358, "c48937f0-2a47-11ee-8a05-df476c63c1db": 1690219822.3436391, "c4894cea-2a47-11ee-8a05-df476c63c1db": 1690219822.3441527, "cbe583b4-2a47-11ee-8a05-df476c63c1db": 1690219834.6925726, "cbe59fa2-2a47-11ee-8a05-df476c63c1db": 1690219834.6932697, "cbe5b4e2-2a47-11ee-8a05-df476c63c1db": 1690219834.6938035, "cf2f4bae-2a47-11ee-8a05-df476c63c1db": 1690219840.2092636, "cf2f6184-2a47-11ee-8a05-df476c63c1db": 1690219840.2097967, "d27d2b64-2a47-11ee-8a05-df476c63c1db": 1690219845.7527542, "e3d5c2fe-2a47-11ee-8a05-df476c63c1db": 1690219874.8546488, "e3d5d78a-2a47-11ee-8a05-df476c63c1db": 1690219874.855143, "ede64e30-2a47-11ee-8a05-df476c63c1db": 1690219891.7402875, "f4947a22-2a47-11ee-8a05-df476c63c1db": 1690219902.9480634, "f8ae7838-2a47-11ee-8a05-df476c63c1db": 1690219909.8293161, "fc109a10-2a47-11ee-8a05-df476c63c1db": 1690219915.5055861, "fc10b1f8-2a47-11ee-8a05-df476c63c1db": 1690219915.5061686, "fc10ca62-2a47-11ee-8a05-df476c63c1db": 1690219915.5067992, "ffb0aa0c-2a47-11ee-8a05-df476c63c1db": 1690219921.5877337, "ffb0c2f8-2a47-11ee-8a05-df476c63c1db": 1690219921.5883508, "0312dea4-2a48-11ee-8a05-df476c63c1db": 1690219927.264498, "0312f54c-2a48-11ee-8a05-df476c63c1db": 1690219927.2650495, "069209f6-2a48-11ee-8a05-df476c63c1db": 1690219933.131075, "12dabdb6-2a48-11ee-8a05-df476c63c1db": 1690219953.7401974, "19d70bf6-2a48-11ee-8a05-df476c63c1db": 1690219965.4600353, "1dbb0ca4-2a48-11ee-8a05-df476c63c1db": 1690219971.9874413, "21375446-2a48-11ee-8a05-df476c63c1db": 1690219977.8350854, "21376b20-2a48-11ee-8a05-df476c63c1db": 1690219977.8356464, "2a0eab64-2a48-11ee-8a05-df476c63c1db": 1690219992.6681094, "2a0ec07c-2a48-11ee-8a05-df476c63c1db": 1690219992.668624, "2db3a9d6-2a48-11ee-8a05-df476c63c1db": 1690219998.7825735, "2db3bea8-2a48-11ee-8a05-df476c63c1db": 1690219998.783087, "2db3cd1c-2a48-11ee-8a05-df476c63c1db": 1690219998.7834494, "31bf62e0-2a48-11ee-8a05-df476c63c1db": 1690220005.5702903, "35667ba4-2a48-11ee-8a05-df476c63c1db": 1690220011.698546, "3d9c09b0-2a48-11ee-8a05-df476c63c1db": 1690220025.4712863, "3d9c1f22-2a48-11ee-8a05-df476c63c1db": 1690220025.4718168, "3d9c2d64-2a48-11ee-8a05-df476c63c1db": 1690220025.472175, "413d9958-2a48-11ee-8a05-df476c63c1db": 1690220031.5632577, "44de4756-2a48-11ee-8a05-df476c63c1db": 1690220037.6494799, "5075f532-2a48-11ee-8a05-df476c63c1db": 1690220057.098439, "50760be4-2a48-11ee-8a05-df476c63c1db": 1690220057.0989933, "66e0feca-2a48-11ee-8a05-df476c63c1db": 1690220094.7097998, "6b079d4c-2a48-11ee-8a05-df476c63c1db": 1690220101.6737826, "6f31faca-2a48-11ee-8a05-df476c63c1db": 1690220108.662309, "72f5fc60-2a48-11ee-8a05-df476c63c1db": 1690220114.9800148, "771fc334-2a48-11ee-8a05-df476c63c1db": 1690220121.9646952, "7b35ee30-2a48-11ee-8a05-df476c63c1db": 1690220128.820862, "7f59cc16-2a48-11ee-8a05-df476c63c1db": 1690220135.7668116, "7f59eda4-2a48-11ee-8a05-df476c63c1db": 1690220135.7676535, "8d338f8e-2a48-11ee-8a05-df476c63c1db": 1690220159.0043178, "8d33a9ba-2a48-11ee-8a05-df476c63c1db": 1690220159.00497, "90f8af3c-2a48-11ee-8a05-df476c63c1db": 1690220165.3293598, "951c0096-2a48-11ee-8a05-df476c63c1db": 1690220172.2716963, "951c16e4-2a48-11ee-8a05-df476c63c1db": 1690220172.2722445, "9dd43578-2a48-11ee-8a05-df476c63c1db": 1690220186.9006846, "a6384e0c-2a48-11ee-8a05-df476c63c1db": 1690220200.9784448, "bf35af12-2a48-11ee-8a05-df476c63c1db": 1690220242.904312, "bf35c5c4-2a48-11ee-8a05-df476c63c1db": 1690220242.9048734, "d461116a-2a48-11ee-8a05-df476c63c1db": 1690220278.4207845, "d80f45a2-2a48-11ee-8a05-df476c63c1db": 1690220284.5956187, "dbc33aa0-2a48-11ee-8a05-df476c63c1db": 1690220290.8081524, "dfed3f18-2a48-11ee-8a05-df476c63c1db": 1690220297.794404, "dfed59d0-2a48-11ee-8a05-df476c63c1db": 1690220297.795065, "dfed72d0-2a48-11ee-8a05-df476c63c1db": 1690220297.7957034, "dfed8554-2a48-11ee-8a05-df476c63c1db": 1690220297.7961442, "e7cb3bd6-2a48-11ee-8a05-df476c63c1db": 1690220310.9932623, "f43dea80-2a48-11ee-8a05-df476c63c1db": 1690220331.8775156, "f7df9c2e-2a48-11ee-8a05-df476c63c1db": 1690220337.9703557, "f7dfb3c6-2a48-11ee-8a05-df476c63c1db": 1690220337.9709332, "fb7f37fe-2a48-11ee-8a05-df476c63c1db": 1690220344.0495346, "0327219c-2a49-11ee-8a05-df476c63c1db": 1690220356.8940141, "03273cea-2a49-11ee-8a05-df476c63c1db": 1690220356.8946998, "06ca4dec-2a49-11ee-8a05-df476c63c1db": 1690220362.9965887, "0b3299ca-2a49-11ee-8a05-df476c63c1db": 1690220370.3909476, "0b32aff0-2a49-11ee-8a05-df476c63c1db": 1690220370.391489, "0b32beb4-2a49-11ee-8a05-df476c63c1db": 1690220370.3918655, "0f436986-2a49-11ee-8a05-df476c63c1db": 1690220377.212013, "12f2925a-2a49-11ee-8a05-df476c63c1db": 1690220383.3931015, "12f2a808-2a49-11ee-8a05-df476c63c1db": 1690220383.3936393, "16a0917c-2a49-11ee-8a05-df476c63c1db": 1690220389.566575, "1efc4adc-2a49-11ee-8a05-df476c63c1db": 1690220403.5894666, "1efc64ea-2a49-11ee-8a05-df476c63c1db": 1690220403.590115, "23ba80de-2a49-11ee-8a05-df476c63c1db": 1690220411.5469735, "23baa2a8-2a49-11ee-8a05-df476c63c1db": 1690220411.5477653, "27cb769c-2a49-11ee-8a05-df476c63c1db": 1690220418.3689594, "2b77c336-2a49-11ee-8a05-df476c63c1db": 1690220424.5313, "3409a47e-2a49-11ee-8a05-df476c63c1db": 1690220438.9091165, "3409bba8-2a49-11ee-8a05-df476c63c1db": 1690220438.9096787, "37c35b8c-2a49-11ee-8a05-df476c63c1db": 1690220445.1593773, "3fc5dc60-2a49-11ee-8a05-df476c63c1db": 1690220458.5975552, "3fc5f1be-2a49-11ee-8a05-df476c63c1db": 1690220458.5980763, "443ec59a-2a49-11ee-8a05-df476c63c1db": 1690220466.100847, "5058a134-2a49-11ee-8a05-df476c63c1db": 1690220486.4029663, "6396e094-2a49-11ee-8a05-df476c63c1db": 1690220518.687621, "6396f5d4-2a49-11ee-8a05-df476c63c1db": 1690220518.6881409, "6835527a-2a49-11ee-8a05-df476c63c1db": 1690220526.4369385, "68356d00-2a49-11ee-8a05-df476c63c1db": 1690220526.4375544, "68357db8-2a49-11ee-8a05-df476c63c1db": 1690220526.4379733, "71da7396-2a49-11ee-8a05-df476c63c1db": 1690220542.618579, "7603af14-2a49-11ee-8a05-df476c63c1db": 1690220549.5996854, "7603c4d6-2a49-11ee-8a05-df476c63c1db": 1690220549.6002169, "867f3eee-2a49-11ee-8a05-df476c63c1db": 1690220577.2530093, "867f5866-2a49-11ee-8a05-df476c63c1db": 1690220577.2536387, "8e96ce08-2a49-11ee-8a05-df476c63c1db": 1690220590.8291814, "8e96e3ac-2a49-11ee-8a05-df476c63c1db": 1690220590.829703, "92633846-2a49-11ee-8a05-df476c63c1db": 1690220597.2019937, "9abf17f8-2a49-11ee-8a05-df476c63c1db": 1690220611.2258828, "9e89b000-2a49-11ee-8a05-df476c63c1db": 1690220617.5867636, "a6173fea-2a49-11ee-8a05-df476c63c1db": 1690220630.2585526, "a9df7d54-2a49-11ee-8a05-df476c63c1db": 1690220636.6040113, "a9df942e-2a49-11ee-8a05-df476c63c1db": 1690220636.604567, "ae235ab6-2a49-11ee-8a05-df476c63c1db": 1690220643.759646, "b27e942c-2a49-11ee-8a05-df476c63c1db": 1690220651.068383, "b27eaa34-2a49-11ee-8a05-df476c63c1db": 1690220651.0689237, "b27eb93e-2a49-11ee-8a05-df476c63c1db": 1690220651.0693028, "ba80fdf4-2a49-11ee-8a05-df476c63c1db": 1690220664.5059726, "c76d87f8-2a49-11ee-8a05-df476c63c1db": 1690220686.1888175, "ccb4026e-2a49-11ee-8a05-df476c63c1db": 1690220695.0393093, "d5d624ee-2a49-11ee-8a05-df476c63c1db": 1690220710.362509, "d5d63bbe-2a49-11ee-8a05-df476c63c1db": 1690220710.3630738, "d5d64afa-2a49-11ee-8a05-df476c63c1db": 1690220710.363456, "da175136-2a49-11ee-8a05-df476c63c1db": 1690220717.5005157, "dde08030-2a49-11ee-8a05-df476c63c1db": 1690220723.8522296,