{"4c2767fa-2a4c-11ee-8a05-df476c63c1db": 1690221767.8596337, "529b41a6-2a4c-11ee-8a05-df476c63c1db": 1690221778.6852593, "529b592a-2a4c-11ee-8a05-df476c63c1db": 1690221778.6858258, "529b688e-2a4c-11ee-8a05-df476c63c1db": 1690221778.686312, "59b4091e-2a4c-11ee-8a05-df476c63c1db": 1690221790.5916798, "5d3bce6e-2a4c-11ee-8a05-df476c63c1db": 1690221796.5146422, "6070ba9a-2a4c-11ee-8a05-df476c63c1db": 1690221801.894644, "66e47e34-2a4c-11ee-8a05-df476c63c1db": 1690221812.7196372, "66e493e2-2a4c-11ee-8a05-df476c63c1db": 1690221812.7201705, "66e4a2d8-2a4c-11ee-8a05-df476c63c1db": 1690221812.7205482, "6c4233da-2a4c-11ee-8a05-df476c63c1db": 1690221821.7223878, "74138b68-2a4c-11ee-8a05-df476c63c1db": 1690221834.8383744, "7413a382-2a4c-11ee-8a05-df476c63c1db": 1690221834.8389692, "7adf8cda-2a4c-11ee-8a05-df476c63c1db": 1690221846.2416768, "7adfa288-2a4c-11ee-8a05-df476c63c1db": 1690221846.2422068, "7adfb052-2a4c-11ee-8a05-df476c63c1db": 1690221846.2425506, "7e45356e-2a4c-11ee-8a05-df476c63c1db": 1690221851.9410765, "7e454ba8-2a4c-11ee-8a05-df476c63c1db": 1690221851.9416142, "82393de6-2a4c-11ee-8a05-df476c63c1db": 1690221858.5735338, "9499adfe-2a4c-11ee-8a05-df476c63c1db": 1690221889.4045374, "9499c438-2a4c-11ee-8a05-df476c63c1db": 1690221889.4050796, "9f27c4fe-2a4c-11ee-8a05-df476c63c1db": 1690221907.112948, "a6745bf0-2a4c-11ee-8a05-df476c63c1db": 1690221919.3589365, "a9e50d20-2a4c-11ee-8a05-df476c63c1db": 1690221925.1306481, "ad587dac-2a4c-11ee-8a05-df476c63c1db": 1690221930.9203506, "ad589530-2a4c-11ee-8a05-df476c63c1db": 1690221930.9209335, "ad58a3fe-2a4c-11ee-8a05-df476c63c1db": 1690221930.9213028, "b0ce98a4-2a4c-11ee-8a05-df476c63c1db": 1690221936.727535, "b0ceaeac-2a4c-11ee-8a05-df476c63c1db": 1690221936.728072, "b440d6d2-2a4c-11ee-8a05-df476c63c1db": 1690221942.5094016, "b440ee24-2a4c-11ee-8a05-df476c63c1db": 1690221942.509976, "b7b5ba62-2a4c-11ee-8a05-df476c63c1db": 1690221948.3086085, "c2fb918a-2a4c-11ee-8a05-df476c63c1db": 1690221967.2212512, "cac77ce4-2a4c-11ee-8a05-df476c63c1db": 1690221980.3017461, "cf824d5e-2a4c-11ee-8a05-df476c63c1db": 1690221988.2369452, "d36b5712-2a4c-11ee-8a05-df476c63c1db": 1690221994.7973003, "d36b6c20-2a4c-11ee-8a05-df476c63c1db": 1690221994.7978194, "db988e64-2a4c-11ee-8a05-df476c63c1db": 1690222008.515411, "db98a52a-2a4c-11ee-8a05-df476c63c1db": 1690222008.5159664, "df337d7c-2a4c-11ee-8a05-df476c63c1db": 1690222014.5639462, "df3392ee-2a4c-11ee-8a05-df476c63c1db": 1690222014.5644693, "df33a13a-2a4c-11ee-8a05-df476c63c1db": 1690222014.5648277, "e3be22fc-2a4c-11ee-8a05-df476c63c1db": 1690222022.183467, "e843183c-2a4c-11ee-8a05-df476c63c1db": 1690222029.765706, "ef62cdd8-2a4c-11ee-8a05-df476c63c1db": 1690222041.717569, "ef62e5f2-2a4c-11ee-8a05-df476c63c1db": 1690222041.7181635, "ef62f4f2-2a4c-11ee-8a05-df476c63c1db": 1690222041.7185402, "f2f74316-2a4c-11ee-8a05-df476c63c1db": 1690222047.7236693, "f6e7a416-2a4c-11ee-8a05-df476c63c1db": 1690222054.332178, "0191d8e6-2a4d-11ee-8a05-df476c63c1db": 1690222072.2248542, "0191f86c-2a4d-11ee-8a05-df476c63c1db": 1690222072.225649, "1434b68a-2a4d-11ee-8a05-df476c63c1db": 1690222103.4911916, "18227836-2a4d-11ee-8a05-df476c63c1db": 1690222110.0825396, "1c6d6748-2a4d-11ee-8a05-df476c63c1db": 1690222117.284511, "20168c1c-2a4d-11ee-8a05-df476c63c1db": 1690222123.4261682, "23ae5116-2a4d-11ee-8a05-df476c63c1db": 1690222129.453974, "27b48410-2a4d-11ee-8a05-df476c63c1db": 1690222136.2054772, "2b4b59d2-2a4d-11ee-8a05-df476c63c1db": 1690222142.2271647, "2b4b7264-2a4d-11ee-8a05-df476c63c1db": 1690222142.2277675, "37315a1c-2a4d-11ee-8a05-df476c63c1db": 1690222162.1894372, "373170ce-2a4d-11ee-8a05-df476c63c1db": 1690222162.1899908, "3b09e1fe-2a4d-11ee-8a05-df476c63c1db": 1690222168.6416578, "3e965564-2a4d-11ee-8a05-df476c63c1db": 1690222174.5952747, "3e966bee-2a4d-11ee-8a05-df476c63c1db": 1690222174.5958292, "46671cd8-2a4d-11ee-8a05-df476c63c1db": 1690222187.7075882, "4e34594e-2a4d-11ee-8a05-df476c63c1db": 1690222200.7967186, "67eea2fe-2a4d-11ee-8a05-df476c63c1db": 1690222243.9605637, "67eeb9e2-2a4d-11ee-8a05-df476c63c1db": 1690222243.9611278, "7ae78c68-2a4d-11ee-8a05-df476c63c1db": 1690222275.790835, "7e8d597e-2a4d-11ee-8a05-df476c63c1db": 1690222281.9105854, "8291d626-2a4d-11ee-8a05-df476c63c1db": 1690222288.6508782, "86a0853c-2a4d-11ee-8a05-df476c63c1db": 1690222295.4579966, "86a09e3c-2a4d-11ee-8a05-df476c63c1db": 1690222295.458617, "86a0b0de-2a4d-11ee-8a05-df476c63c1db": 1690222295.4590867, "86a0c10a-2a4d-11ee-8a05-df476c63c1db": 1690222295.459496, "8f5871d0-2a4d-11ee-8a05-df476c63c1db": 1690222310.085147, "9a429bca-2a4d-11ee-8a05-df476c63c1db": 1690222328.3969638, "9f07e0ac-2a4d-11ee-8a05-df476c63c1db": 1690222336.400674, "9f07f966-2a4d-11ee-8a05-df476c63c1db": 1690222336.4012837, "a2a22aec-2a4d-11ee-8a05-df476c63c1db": 1690222342.4450011, "aab7d286-2a4d-11ee-8a05-df476c63c1db": 1690222356.008667, "aab7e3ca-2a4d-11ee-8a05-df476c63c1db": 1690222356.0090911, "ae4f32fe-2a4d-11ee-8a05-df476c63c1db": 1690222362.0339108, "b1de63ea-2a4d-11ee-8a05-df476c63c1db": 1690222368.0054936, "b1de7aba-2a4d-11ee-8a05-df476c63c1db": 1690222368.0060523, "b1de8f1e-2a4d-11ee-8a05-df476c63c1db": 1690222368.0065775, "b5d81b8a-2a4d-11ee-8a05-df476c63c1db": 1690222374.6752222, "b9e80064-2a4d-11ee-8a05-df476c63c1db": 1690222381.4902558, "b9e81a36-2a4d-11ee-8a05-df476c63c1db": 1690222381.4908955, "be07c0bc-2a4d-11ee-8a05-df476c63c1db": 1690222388.4092226, "c5fce306-2a4d-11ee-8a05-df476c63c1db": 1690222401.7597914, "c5fcfa6c-2a4d-11ee-8a05-df476c63c1db": 1690222401.7603624, "c9ef6894-2a4d-11ee-8a05-df476c63c1db": 1690222408.38235, "c9ef8086-2a4d-11ee-8a05-df476c63c1db": 1690222408.3829339, "cd7d3176-2a4d-11ee-8a05-df476c63c1db": 1690222414.3447068, "d10dbc84-2a4d-11ee-8a05-df476c63c1db": 1690222420.3251562, "d8938916-2a4d-11ee-8a05-df476c63c1db": 1690222432.9460716, "d893a59a-2a4d-11ee-8a05-df476c63c1db": 1690222432.9467762, "dcd89610-2a4d-11ee-8a05-df476c63c1db": 1690222440.1095047, "e59c07be-2a4d-11ee-8a05-df476c63c1db": 1690222454.8121176, "e59c1cfe-2a4d-11ee-8a05-df476c63c1db": 1690222454.8126378, "e9555824-2a4d-11ee-8a05-df476c63c1db": 1690222461.0597541, "f47f4476-2a4d-11ee-8a05-df476c63c1db": 1690222479.7894533, "04ba9aca-2a4e-11ee-8a05-df476c63c1db": 1690222507.0218592, "04baaf74-2a4e-11ee-8a05-df476c63c1db": 1690222507.0223649, "08c005ce-2a4e-11ee-8a05-df476c63c1db": 1690222513.7682545, "08c01bc2-2a4e-11ee-8a05-df476c63c1db": 1690222513.7687926, "08c02b58-2a4e-11ee-8a05-df476c63c1db": 1690222513.769189, "104882c6-2a4e-11ee-8a05-df476c63c1db": 1690222526.4068196, "1451a776-2a4e-11ee-8a05-df476c63c1db": 1690222533.1776094, "1451be96-2a4e-11ee-8a05-df476c63c1db": 1690222533.1781723, "2483962c-2a4e-11ee-8a05-df476c63c1db": 1690222560.3483853, "2483ac7a-2a4e-11ee-8a05-df476c63c1db": 1690222560.3489335, "2c413c5c-2a4e-11ee-8a05-df476c63c1db": 1690222573.335372, "2c416434-2a4e-11ee-8a05-df476c63c1db": 1690222573.3363361, "2fe33c20-2a4e-11ee-8a05-df476c63c1db": 1690222579.430161, "3897893e-2a4e-11ee-8a05-df476c63c1db": 1690222594.033573, "3d00e2fe-2a4e-11ee-8a05-df476c63c1db": 1690222601.4348726, "44b409ea-2a4e-11ee-8a05-df476c63c1db": 1690222614.3530097, "485dd8a0-2a4e-11ee-8a05-df476c63c1db": 1690222620.499024, "485dedcc-2a4e-11ee-8a05-df476c63c1db": 1690222620.4995437, "4c6e3bc4-2a4e-11ee-8a05-df476c63c1db": 1690222627.317316, "51e0f0c4-2a4e-11ee-8a05-df476c63c1db": 1690222636.4576702, "51e10a82-2a4e-11ee-8a05-df476c63c1db": 1690222636.458302, "51e11c3e-2a4e-11ee-8a05-df476c63c1db": 1690222636.4587471, "5a1747f2-2a4e-11ee-8a05-df476c63c1db": 1690222650.235558, "66b32288-2a4e-11ee-8a05-df476c63c1db": 1690222671.3896213, "6a72c9dc-2a4e-11ee-8a05-df476c63c1db": 1690222677.6788151, "7238153c-2a4e-11ee-8a05-df476c63c1db": 1690222690.7158499, "72383bde-2a4e-11ee-8a05-df476c63c1db": 1690222690.7168944, "723851dc-2a4e-11ee-8a05-df476c63c1db": 1690222690.717375, "75eaa6a4-2a4e-11ee-8a05-df476c63c1db": 1690222696.9192774, "799ef7be-2a4e-11ee-8a05-df476c63c1db": 1690222703.1341712,