{"a26fc67a-2a56-11ee-8a05-df476c63c1db": 1690226207.585266, "a937df60-2a56-11ee-8a05-df476c63c1db": 1690226218.9630048, "a937f7e8-2a56-11ee-8a05-df476c63c1db": 1690226218.9636025, "a93807ba-2a56-11ee-8a05-df476c63c1db": 1690226218.9639752, "b1044026-2a56-11ee-8a05-df476c63c1db": 1690226232.0464637, "b4f11a7e-2a56-11ee-8a05-df476c63c1db": 1690226238.6318636, "b8d18494-2a56-11ee-8a05-df476c63c1db": 1690226245.1357524, "c01762e6-2a56-11ee-8a05-df476c63c1db": 1690226257.3376927, "c0177d80-2a56-11ee-8a05-df476c63c1db": 1690226257.3383532, "c0178c8a-2a56-11ee-8a05-df476c63c1db": 1690226257.3387268, "c433a420-2a56-11ee-8a05-df476c63c1db": 1690226264.2337716, "cb5ac986-2a56-11ee-8a05-df476c63c1db": 1690226276.234347, "cb5adfb6-2a56-11ee-8a05-df476c63c1db": 1690226276.2348876, "d33e7a12-2a56-11ee-8a05-df476c63c1db": 1690226289.4705808, "d33e94b6-2a56-11ee-8a05-df476c63c1db": 1690226289.4712498, "d33ea532-2a56-11ee-8a05-df476c63c1db": 1690226289.471657, "d7f7291e-2a56-11ee-8a05-df476c63c1db": 1690226297.3918114, "d7f73e18-2a56-11ee-8a05-df476c63c1db": 1690226297.3923247, "db7d63c8-2a56-11ee-8a05-df476c63c1db": 1690226303.3046684, "eecf777c-2a56-11ee-8a05-df476c63c1db": 1690226335.7192845, "eecf8f78-2a56-11ee-8a05-df476c63c1db": 1690226335.719875, "f9f34e3a-2a56-11ee-8a05-df476c63c1db": 1690226354.4090931, "02231928-2a57-11ee-8a05-df476c63c1db": 1690226368.1440775, "05ce72b6-2a57-11ee-8a05-df476c63c1db": 1690226374.3001971, "09df28dc-2a57-11ee-8a05-df476c63c1db": 1690226381.1206188, "09df42ea-2a57-11ee-8a05-df476c63c1db": 1690226381.1212447, "09df517c-2a57-11ee-8a05-df476c63c1db": 1690226381.1216114, "0daa852e-2a57-11ee-8a05-df476c63c1db": 1690226387.486516, "0daa9da2-2a57-11ee-8a05-df476c63c1db": 1690226387.4871168, "122797fe-2a57-11ee-8a05-df476c63c1db": 1690226395.0170777, "1227b018-2a57-11ee-8a05-df476c63c1db": 1690226395.0176735, "15c7ed6e-2a57-11ee-8a05-df476c63c1db": 1690226401.1010103, "2241ba98-2a57-11ee-8a05-df476c63c1db": 1690226422.0319104, "2c9be8e2-2a57-11ee-8a05-df476c63c1db": 1690226439.4001303, "30884090-2a57-11ee-8a05-df476c63c1db": 1690226445.9821866, "345dba24-2a57-11ee-8a05-df476c63c1db": 1690226452.4143488, "345dc5be-2a57-11ee-8a05-df476c63c1db": 1690226452.4146266, "3c0fe17a-2a57-11ee-8a05-df476c63c1db": 1690226465.32598, "3c0ffcfa-2a57-11ee-8a05-df476c63c1db": 1690226465.3266664, "40524af2-2a57-11ee-8a05-df476c63c1db": 1690226472.472102, "40525ef2-2a57-11ee-8a05-df476c63c1db": 1690226472.4725878, "40526c3a-2a57-11ee-8a05-df476c63c1db": 1690226472.4729228, "448a5862-2a57-11ee-8a05-df476c63c1db": 1690226479.550345, "49b76424-2a57-11ee-8a05-df476c63c1db": 1690226488.234155, "51c70976-2a57-11ee-8a05-df476c63c1db": 1690226501.7584665, "51c71fc4-2a57-11ee-8a05-df476c63c1db": 1690226501.7590127, "51c72d98-2a57-11ee-8a05-df476c63c1db": 1690226501.7593603, "55a41d86-2a57-11ee-8a05-df476c63c1db": 1690226508.2404518, "5ad9fd02-2a57-11ee-8a05-df476c63c1db": 1690226516.9821627, "67ff7bf6-2a57-11ee-8a05-df476c63c1db": 1690226539.0382705, "67ff9122-2a57-11ee-8a05-df476c63c1db": 1690226539.038788, "7cbe5dc8-2a57-11ee-8a05-df476c63c1db": 1690226573.8436868, "80ee902a-2a57-11ee-8a05-df476c63c1db": 1690226580.870414, "8536dc6e-2a57-11ee-8a05-df476c63c1db": 1690226588.055113, "896d8ad0-2a57-11ee-8a05-df476c63c1db": 1690226595.1243656, "8dce5168-2a57-11ee-8a05-df476c63c1db": 1690226602.469476, "92891846-2a57-11ee-8a05-df476c63c1db": 1690226610.4044092, "964da686-2a57-11ee-8a05-df476c63c1db": 1690226616.7257404, "964dc44a-2a57-11ee-8a05-df476c63c1db": 1690226616.7264879, "a23c605e-2a57-11ee-8a05-df476c63c1db": 1690226636.7451956, "a23c779c-2a57-11ee-8a05-df476c63c1db": 1690226636.7457635, "a73550c0-2a57-11ee-8a05-df476c63c1db": 1690226645.0875194, "abe87b24-2a57-11ee-8a05-df476c63c1db": 1690226652.9725947, "abe89316-2a57-11ee-8a05-df476c63c1db": 1690226652.9731827, "b4a7c03a-2a57-11ee-8a05-df476c63c1db": 1690226667.6478467, "bc2c9920-2a57-11ee-8a05-df476c63c1db": 1690226680.2625976, "d34c9646-2a57-11ee-8a05-df476c63c1db": 1690226719.059787, "d34cad7a-2a57-11ee-8a05-df476c63c1db": 1690226719.060362, "e783df7a-2a57-11ee-8a05-df476c63c1db": 1690226752.976508, "eb9203d0-2a57-11ee-8a05-df476c63c1db": 1690226759.7801065, "ef9c8248-2a57-11ee-8a05-df476c63c1db": 1690226766.5597699, "f39aeede-2a57-11ee-8a05-df476c63c1db": 1690226773.2602904, "f39af7f8-2a57-11ee-8a05-df476c63c1db": 1690226773.2605076, "f39afcc6-2a57-11ee-8a05-df476c63c1db": 1690226773.2606268, "f39b00ea-2a57-11ee-8a05-df476c63c1db": 1690226773.2607327, "fd16dbe4-2a57-11ee-8a05-df476c63c1db": 1690226789.1719458, "089a4438-2a58-11ee-8a05-df476c63c1db": 1690226808.4881122, "0cb304e2-2a58-11ee-8a05-df476c63c1db": 1690226815.3612163, "0cb321d4-2a58-11ee-8a05-df476c63c1db": 1690226815.3619716, "112c3afc-2a58-11ee-8a05-df476c63c1db": 1690226822.866481, "1928add0-2a58-11ee-8a05-df476c63c1db": 1690226836.2649767, "1928c36a-2a58-11ee-8a05-df476c63c1db": 1690226836.2654927, "1d41f110-2a58-11ee-8a05-df476c63c1db": 1690226843.1414227, "215f477a-2a58-11ee-8a05-df476c63c1db": 1690226850.0445743, "215f5d5a-2a58-11ee-8a05-df476c63c1db": 1690226850.045107, "215f6b7e-2a58-11ee-8a05-df476c63c1db": 1690226850.0454643, "25886a70-2a58-11ee-8a05-df476c63c1db": 1690226857.025049, "29bd63b6-2a58-11ee-8a05-df476c63c1db": 1690226864.0831022, "29bd77fc-2a58-11ee-8a05-df476c63c1db": 1690226864.0835984, "2d85121e-2a58-11ee-8a05-df476c63c1db": 1690226870.424912, "36d77280-2a58-11ee-8a05-df476c63c1db": 1690226886.0642624, "36d788d8-2a58-11ee-8a05-df476c63c1db": 1690226886.064813, "3ab17ed2-2a58-11ee-8a05-df476c63c1db": 1690226892.5264285, "3ab19bb0-2a58-11ee-8a05-df476c63c1db": 1690226892.527153, "3e843518-2a58-11ee-8a05-df476c63c1db": 1690226898.9405096, "425eb262-2a58-11ee-8a05-df476c63c1db": 1690226905.4055743, "4b847f34-2a58-11ee-8a05-df476c63c1db": 1690226920.752794, "4b8496ae-2a58-11ee-8a05-df476c63c1db": 1690226920.7533677, "4f565c04-2a58-11ee-8a05-df476c63c1db": 1690226927.1613042, "57c9d15e-2a58-11ee-8a05-df476c63c1db": 1690226941.339877, "57c9f3e6-2a58-11ee-8a05-df476c63c1db": 1690226941.3406196, "5c89e4ae-2a58-11ee-8a05-df476c63c1db": 1690226949.309426, "69a935b8-2a58-11ee-8a05-df476c63c1db": 1690226971.325041, "7a363e62-2a58-11ee-8a05-df476c63c1db": 1690226999.0928652, "7a36541a-2a58-11ee-8a05-df476c63c1db": 1690226999.0933952, "7e447712-2a58-11ee-8a05-df476c63c1db": 1690227005.8969498, "7e449030-2a58-11ee-8a05-df476c63c1db": 1690227005.897578, "7e449fe4-2a58-11ee-8a05-df476c63c1db": 1690227005.8979647, "872f9b04-2a58-11ee-8a05-df476c63c1db": 1690227020.8597448, "8b4af26a-2a58-11ee-8a05-df476c63c1db": 1690227027.7498116, "8b4b08ea-2a58-11ee-8a05-df476c63c1db": 1690227027.7503667, "9ad2f55c-2a58-11ee-8a05-df476c63c1db": 1690227053.8069978, "9ad30d26-2a58-11ee-8a05-df476c63c1db": 1690227053.8075886, "a345d0ba-2a58-11ee-8a05-df476c63c1db": 1690227067.9815006, "a345e69a-2a58-11ee-8a05-df476c63c1db": 1690227067.9820416, "a7ce2a56-2a58-11ee-8a05-df476c63c1db": 1690227075.5859723, "afc502d4-2a58-11ee-8a05-df476c63c1db": 1690227088.947755, "b3f4b868-2a58-11ee-8a05-df476c63c1db": 1690227095.9713042, "bb633354-2a58-11ee-8a05-df476c63c1db": 1690227108.4393616, "bf81a10a-2a58-11ee-8a05-df476c63c1db": 1690227115.3497026, "bf81b8d4-2a58-11ee-8a05-df476c63c1db": 1690227115.3502884, "c3a4359a-2a58-11ee-8a05-df476c63c1db": 1690227122.2872133, "c7ef8190-2a58-11ee-8a05-df476c63c1db": 1690227129.4915586, "c7ef9658-2a58-11ee-8a05-df476c63c1db": 1690227129.4920669, "c7efa526-2a58-11ee-8a05-df476c63c1db": 1690227129.4924428, "d03e98b8-2a58-11ee-8a05-df476c63c1db": 1690227143.4316645, "dc39417c-2a58-11ee-8a05-df476c63c1db": 1690227163.5293214, "e00c0852-2a58-11ee-8a05-df476c63c1db": 1690227169.94383, "e87a91de-2a58-11ee-8a05-df476c63c1db": 1690227184.0900202, "e87aa7fa-2a58-11ee-8a05-df476c63c1db": 1690227184.0905638, "e87ab646-2a58-11ee-8a05-df476c63c1db": 1690227184.0909233, "ec3728be-2a58-11ee-8a05-df476c63c1db": 1690227190.359127, "f067e14e-2a58-11ee-8a05-df476c63c1db": 1690227197.389313,