{"32b6b69e-2a43-11ee-8a05-df476c63c1db": 1690217859.7074945, "395b9ece-2a43-11ee-8a05-df476c63c1db": 1690217870.85459, "395bc12e-2a43-11ee-8a05-df476c63c1db": 1690217870.855455, "395bd330-2a43-11ee-8a05-df476c63c1db": 1690217870.855904, "406c1734-2a43-11ee-8a05-df476c63c1db": 1690217882.7065916, "438f1c2c-2a43-11ee-8a05-df476c63c1db": 1690217887.9692519, "472441e6-2a43-11ee-8a05-df476c63c1db": 1690217893.9798682, "4e60288a-2a43-11ee-8a05-df476c63c1db": 1690217906.11645, "4e60326c-2a43-11ee-8a05-df476c63c1db": 1690217906.116687, "4e60376c-2a43-11ee-8a05-df476c63c1db": 1690217906.1168118, "51a00114-2a43-11ee-8a05-df476c63c1db": 1690217911.5681796, "59a1cd70-2a43-11ee-8a05-df476c63c1db": 1690217925.001591, "59a1d6ee-2a43-11ee-8a05-df476c63c1db": 1690217925.001818, "6143a4fe-2a43-11ee-8a05-df476c63c1db": 1690217937.8062997, "6143b430-2a43-11ee-8a05-df476c63c1db": 1690217937.8066697, "6143ba20-2a43-11ee-8a05-df476c63c1db": 1690217937.8068137, "64b53314-2a43-11ee-8a05-df476c63c1db": 1690217943.5836866, "64b54836-2a43-11ee-8a05-df476c63c1db": 1690217943.5841982, "68f6efc6-2a43-11ee-8a05-df476c63c1db": 1690217950.725386, "79cdb42e-2a43-11ee-8a05-df476c63c1db": 1690217978.976436, "79cdd256-2a43-11ee-8a05-df476c63c1db": 1690217978.9771833, "8441d020-2a43-11ee-8a05-df476c63c1db": 1690217996.5145786, "8b01e9e0-2a43-11ee-8a05-df476c63c1db": 1690218007.8398564, "9020adf8-2a43-11ee-8a05-df476c63c1db": 1690218016.4300995, "9399a818-2a43-11ee-8a05-df476c63c1db": 1690218022.256108, "9399d3ba-2a43-11ee-8a05-df476c63c1db": 1690218022.2572327, "9399ef9e-2a43-11ee-8a05-df476c63c1db": 1690218022.2579038, "97102c1a-2a43-11ee-8a05-df476c63c1db": 1690218028.0659614, "97104254-2a43-11ee-8a05-df476c63c1db": 1690218028.066507, "9a83cd84-2a43-11ee-8a05-df476c63c1db": 1690218033.8569255, "9a83e62a-2a43-11ee-8a05-df476c63c1db": 1690218033.85754, "9dfbb2a6-2a43-11ee-8a05-df476c63c1db": 1690218039.6758292, "a93228f8-2a43-11ee-8a05-df476c63c1db": 1690218058.4876966, "b1da56ce-2a43-11ee-8a05-df476c63c1db": 1690218073.011648, "b575e546-2a43-11ee-8a05-df476c63c1db": 1690218079.0642576, "ba3d9e3e-2a43-11ee-8a05-df476c63c1db": 1690218087.0840597, "ba3db5c2-2a43-11ee-8a05-df476c63c1db": 1690218087.0846329, "c1a93016-2a43-11ee-8a05-df476c63c1db": 1690218099.5331411, "c1a94e16-2a43-11ee-8a05-df476c63c1db": 1690218099.5338244, "c5b9b9c8-2a43-11ee-8a05-df476c63c1db": 1690218106.3523426, "c5b9cefe-2a43-11ee-8a05-df476c63c1db": 1690218106.352859, "c5b9dd18-2a43-11ee-8a05-df476c63c1db": 1690218106.3532135, "c9b991c4-2a43-11ee-8a05-df476c63c1db": 1690218113.0622015, "cd6a1c62-2a43-11ee-8a05-df476c63c1db": 1690218119.2523553, "d500babc-2a43-11ee-8a05-df476c63c1db": 1690218131.9834816, "d500cb56-2a43-11ee-8a05-df476c63c1db": 1690218131.983885, "d500d556-2a43-11ee-8a05-df476c63c1db": 1690218131.9841373, "d9ba7a48-2a43-11ee-8a05-df476c63c1db": 1690218139.9116986, "dddb92f6-2a43-11ee-8a05-df476c63c1db": 1690218146.839485, "e99cf33c-2a43-11ee-8a05-df476c63c1db": 1690218166.561732, "e99d0962-2a43-11ee-8a05-df476c63c1db": 1690218166.5622802, "ffadd5a6-2a43-11ee-8a05-df476c63c1db": 1690218203.582268, "03709868-2a44-11ee-8a05-df476c63c1db": 1690218209.8918204, "07251e3e-2a44-11ee-8a05-df476c63c1db": 1690218216.1080523, "0ae25de8-2a44-11ee-8a05-df476c63c1db": 1690218222.3814466, "0ea2616c-2a44-11ee-8a05-df476c63c1db": 1690218228.6730247, "132033cc-2a44-11ee-8a05-df476c63c1db": 1690218236.2084901, "173523e6-2a44-11ee-8a05-df476c63c1db": 1690218243.0565732, "1735308e-2a44-11ee-8a05-df476c63c1db": 1690218243.0568771, "2366a95a-2a44-11ee-8a05-df476c63c1db": 1690218263.513805, "2366bfd0-2a44-11ee-8a05-df476c63c1db": 1690218263.5143557, "272597b8-2a44-11ee-8a05-df476c63c1db": 1690218269.798247, "2b453538-2a44-11ee-8a05-df476c63c1db": 1690218276.7163415, "2b455bb2-2a44-11ee-8a05-df476c63c1db": 1690218276.7173188, "32c9e01a-2a44-11ee-8a05-df476c63c1db": 1690218289.3298457, "3ac4e0e4-2a44-11ee-8a05-df476c63c1db": 1690218302.7188585, "54c4ee80-2a44-11ee-8a05-df476c63c1db": 1690218346.3399708, "54c503d4-2a44-11ee-8a05-df476c63c1db": 1690218346.340489, "6a531290-2a44-11ee-8a05-df476c63c1db": 1690218382.5036595, "6df74d76-2a44-11ee-8a05-df476c63c1db": 1690218388.613128, "71f48736-2a44-11ee-8a05-df476c63c1db": 1690218395.3058345, "75ffbf94-2a44-11ee-8a05-df476c63c1db": 1690218402.090242, "75ffd42a-2a44-11ee-8a05-df476c63c1db": 1690218402.0907438, "75ffe1ae-2a44-11ee-8a05-df476c63c1db": 1690218402.091092, "75ffeeb0-2a44-11ee-8a05-df476c63c1db": 1690218402.0914114, "7f8afbfa-2a44-11ee-8a05-df476c63c1db": 1690218418.1022365, "8be3b748-2a44-11ee-8a05-df476c63c1db": 1690218438.8164074, "8fed0a92-2a44-11ee-8a05-df476c63c1db": 1690218445.5884118, "8fed23a6-2a44-11ee-8a05-df476c63c1db": 1690218445.5890293, "9395fd20-2a44-11ee-8a05-df476c63c1db": 1690218451.7287881, "9ae58064-2a44-11ee-8a05-df476c63c1db": 1690218463.9939365, "9ae595cc-2a44-11ee-8a05-df476c63c1db": 1690218463.9944549, "9e8c8f46-2a44-11ee-8a05-df476c63c1db": 1690218470.1219864, "a28f4bba-2a44-11ee-8a05-df476c63c1db": 1690218476.8507578, "a28f62bc-2a44-11ee-8a05-df476c63c1db": 1690218476.8513129, "a28f711c-2a44-11ee-8a05-df476c63c1db": 1690218476.8516746, "a6cc92a0-2a44-11ee-8a05-df476c63c1db": 1690218483.9632213, "aa798840-2a44-11ee-8a05-df476c63c1db": 1690218490.12989, "aa799ca4-2a44-11ee-8a05-df476c63c1db": 1690218490.130385, "aee0a6c0-2a44-11ee-8a05-df476c63c1db": 1690218497.516636, "b6985688-2a44-11ee-8a05-df476c63c1db": 1690218510.4644344, "b6986a38-2a44-11ee-8a05-df476c63c1db": 1690218510.4649158, "ba45a7cc-2a44-11ee-8a05-df476c63c1db": 1690218516.6334515, "ba45bc80-2a44-11ee-8a05-df476c63c1db": 1690218516.6339586, "be6156a8-2a44-11ee-8a05-df476c63c1db": 1690218523.5257688, "c35348e2-2a44-11ee-8a05-df476c63c1db": 1690218531.8222687, "cb21a3f2-2a44-11ee-8a05-df476c63c1db": 1690218544.9187274, "cb21baae-2a44-11ee-8a05-df476c63c1db": 1690218544.919244, "cfd205e0-2a44-11ee-8a05-df476c63c1db": 1690218552.7855258, "d7e1043e-2a44-11ee-8a05-df476c63c1db": 1690218566.3055608, "d7e119ce-2a44-11ee-8a05-df476c63c1db": 1690218566.306085, "dcb31a7e-2a44-11ee-8a05-df476c63c1db": 1690218574.3932667, "e9d01450-2a44-11ee-8a05-df476c63c1db": 1690218596.3935525, "fb5a8020-2a44-11ee-8a05-df476c63c1db": 1690218625.8219662, "fb5a9538-2a44-11ee-8a05-df476c63c1db": 1690218625.822488, "fff8b21e-2a44-11ee-8a05-df476c63c1db": 1690218633.5696185, "fff8ca10-2a44-11ee-8a05-df476c63c1db": 1690218633.5701957, "fff8d8f2-2a44-11ee-8a05-df476c63c1db": 1690218633.570568, "08d3fbc8-2a45-11ee-8a05-df476c63c1db": 1690218648.428505, "0d8a04c8-2a45-11ee-8a05-df476c63c1db": 1690218656.3323781, "0d8a1ac6-2a45-11ee-8a05-df476c63c1db": 1690218656.332917, "1d2c75fa-2a45-11ee-8a05-df476c63c1db": 1690218682.562785, "1d2c8cde-2a45-11ee-8a05-df476c63c1db": 1690218682.5633428, "248ecd02-2a45-11ee-8a05-df476c63c1db": 1690218694.9513097, "248ee1b6-2a45-11ee-8a05-df476c63c1db": 1690218694.9518147, "292abdd0-2a45-11ee-8a05-df476c63c1db": 1690218702.6841772, "316253fa-2a45-11ee-8a05-df476c63c1db": 1690218716.4702382, "35719abe-2a45-11ee-8a05-df476c63c1db": 1690218723.2812414, "3d5dc7d4-2a45-11ee-8a05-df476c63c1db": 1690218736.573101, "41770a7e-2a45-11ee-8a05-df476c63c1db": 1690218743.4495206, "41771e06-2a45-11ee-8a05-df476c63c1db": 1690218743.4499986, "458b81ee-2a45-11ee-8a05-df476c63c1db": 1690218750.2945445, "4942fe98-2a45-11ee-8a05-df476c63c1db": 1690218756.5302017, "494312ac-2a45-11ee-8a05-df476c63c1db": 1690218756.530692, "49431ff4-2a45-11ee-8a05-df476c63c1db": 1690218756.5310252, "50bd75ea-2a45-11ee-8a05-df476c63c1db": 1690218769.0768719, "5d124050-2a45-11ee-8a05-df476c63c1db": 1690218789.7651923, "61915828-2a45-11ee-8a05-df476c63c1db": 1690218797.3090043, "68f959da-2a45-11ee-8a05-df476c63c1db": 1690218809.7346745, "68f970f0-2a45-11ee-8a05-df476c63c1db": 1690218809.7352333, "68f97ef6-2a45-11ee-8a05-df476c63c1db": 1690218809.7355852, "6d73de4a-2a45-11ee-8a05-df476c63c1db": 1690218817.2484903, "72061ca2-2a45-11ee-8a05-df476c63c1db": 1690218824.917796, "720633a4-2a45-11ee-8a05-df476c63c1db": 1690218824.9183588,